name,Price,Rating
Jordan Jumpman Jack TR Travis Scott University Red FZ8117-101 Men's,$404.99 to $444.99,1 out of 5 stars
Spring Court Women's Leather M2 Glove W Sneakers,$620.64,N/A
Jordan 1 Retro Low OG SP Travis Scott Medium Olive DM7866-200 Men's,$535.99,5 out of 5 stars
"Balmain Men's ""B-Runner"" Canvas & Leather Athletic Sneakers Shoes US 12 EUR 45",$382.49,N/A
Versace Men's White & Blue Canvas Leather Logo Sneakers Shoes,$424.99,N/A
Nike Kobe 4 Protro Gift of Mamba FQ3544-001 Men's,$313.99,5 out of 5 stars
"Balmain Men's ""B-Runner"" Canvas & Leather Athletic Sneakers Shoes US 9 EUR 42",$382.49,N/A
DW Design Series 18x22 Bass Drum - Piano Black,$779.99,N/A
GIVENCHY MEN'S MONUMENTAL MALLOW SHEARLING LINED SLIP-ON SNEAKERS NEW IN BOX,$450.00,N/A
NIB $870 Burberry Arthur Mens Bridal Brown Leather Sneakers 9 US (42) 8021778 IT,$440.99,N/A
"Balmain Men's ""B Runner"" Canvas & Leather Athletic Sneakers Shoes US 11 EUR 44",$382.49,N/A
"Balmain Women's ""B COURT"" Leather Athletic Sneakers Shoes US 7 EUR 37",$382.49,N/A
GIVENCHY MEN'S MONUMENTAL MALLOW SLIP-ON SNEAKERS NEW IN BOX,$450.00,N/A
Garmin Alpha 200i Handheld â€“ Used,$549.95,N/A
Versace Men's White Canvas Leather Logo Sneakers Shoes,$424.99,N/A
DOLCE & GABBANA Shoes Sneakers Socks Blue Red Sorrento Logo EU43 / US10 RRP $700,$399.00,N/A
Nike Kobe 6 Protro Reverse Grinch FV4921-600 Men's,$424.99 to $474.99,5 out of 5 stars
Nike Jordan 1 Retro High OG x OFF-WHITE UNC (AQ0818-148) Men's Size 10-12,"$1,994.05",5 out of 5 stars
Jordan 4 RM SP Nigel Sylvester Grandma's Driveway HF4334-300 Men's,$363.99 to $545.99,N/A
GIVENCHY MEN'S WHITE STRETCH KNIT FASHION SNEAKERS NEW IN BOX,$449.00,N/A
Jordan 3 Retro White Cement Reimagined DN3707-100 Men's,$303.99 to $313.99,5 out of 5 stars
"Balmain Men's ""B Runner"" Canvas & Leather Athletic Sneakers Shoes US 9 EUR 42",$467.49,N/A
"Versace Women's White & Pink ""Greca"" Leather Sneakers Shoes US 9 IT 39",$314.49,N/A
DW Design Series 12x14 Floor Tom - Royal Strata,$469.00,N/A
"Balmain Women's ""B COURT"" Leather Athletic Sneakers Shoes US 7 EUR 37",$382.49,N/A
Nike Jordan 12/11 Retro Countdown Pack 2008 (338150-991) Grade School Size 5Y-7Y,$455.05 to $474.05,N/A
Valentino Garavani Men's VLTN Bounce White Low Top Leather Sneakers Shoes,$559.99,N/A
New Balance 990v6 WTAPS Moon Mist Made in USA,$349.99,N/A
DOLCE & GABBANA Shoes Sneakers Socks Blue Red Sorrento Logo EU41 / US8 RRP $700,$399.00,N/A
Nike Jordan 6 Retro x Travis Scott OIive Green (CN1084-200) Men Size 8-13,$426.55 to $474.05,5 out of 5 stars
Jordan 3 Retro J Balvin Rio FN0344-001 Men's,$382.99,5 out of 5 stars
SIEMENS Elevator Motor Starter 72MG34AFP,"$2,200.00",N/A
DW Design Series 6x14 Maple Snare Drum - Royal Strata,$369.00,N/A
Nike KD 15 NRG Low Aunt Pearl DQ3851-600 Menâ€™s Sizes 5.5-16,$409.99 to $539.99,N/A
DW Collector's 6.5x14 Black Nickel over Brass 8-Lug Snare w/Chrome HW,$499.00,N/A
"Balmain Men's ""B Runner"" Canvas & Leather Athletic Sneakers Shoes US 9 EUR 42",$382.49,N/A
Nike Travis Scott Air Jordan 1 Low OG SP EU 46 US 12 Medium Olive Reverse Mocha,"$1,054.14",N/A
"Balmain Men's ""B-Runner"" Canvas & Leather Athletic Sneakers Shoes US 8 EUR 41",$382.49,N/A
"A-KIT, DRAIN QUENCH DISHSTAR HT & HT-E 6401-004-60-64 - Free Shipping + Geniuine",$393.58,N/A
Nike Air Force 1 Low x Travis Scott Cactus Jack (CN2405-900) Men's Size 5-14,$379.05 to $417.05,N/A
Golden Goose Slide Suede Glitter High-Top Sneakers 4959 - Retail $715,$307.49,N/A
Nike Air Jordan 4 Retro x Union LA Off Noir (DC9533-001) Men's Size 5-14,$597.55 to $787.55,N/A
Spring Court Men's Heavy Canvas B3M Sneakers,$326.32,N/A
"Versace Women's White & Pink ""Greca"" Leather Sneakers Shoes US 10 IT 40",$382.49,N/A
"Balmain Men's ""B-Runner"" Canvas & Leather Athletic Sneakers Shoes US 10 EUR 43",$382.49,N/A
"Ferragamo Achille 1 Low Top Sneaker 763472, Stromboli Sand - Retail $750",$649.99,N/A
G2022 beatles stivaletto uomo TOD'S burgundy leather boot man,$449.50,N/A
GUCCI PELLE S. GOMMA Style# 121830-A3N30-NERO 1000,$340.00,N/A
Nike Jordan 1 Retro Shattered Backboard 3.0 (575441-028) Grade School Size 4Y-7Y,$285.00 to $323.00,N/A
Nike Air Jordan 1 Travis Scott Low OG SP EU 46 US 12 Canary Yellow DZ4137-700,$623.68,N/A
Nike Jordan 1 Retro High OG UNC Blue (555088-117) Men's Size 10-15,$474.05,N/A
Knife Cover For Bizerba Slicer GSP Models Open Replaces 38016178000,$450.00,N/A
Brunello Cucinelli Beige Mixed Material High Top Sneakers - (507),$479.00,N/A
Spring Court Women's Canvas G2 Retro W Sneakers Gravier,$307.12,N/A
Spring Court Women's Leather B2 Punch Fluo Sneakers,$502.24,N/A
Spring Court Women's Canvas B2W Sneakers,$307.12,N/A
Nike Air VaporMax x OFF-WHITE Part 2 (AA3831-100) Men's Size 9-12,"$817.00 to $1,330.00",N/A
ABB Contactor A50-30-11-51,$553.64,N/A
Nike Jordan 1 Retro High OG - BG Royal 2017 (575441-007) Grade School Size 4Y-7Y,$332.50 to $342.00,N/A
Nike Air Force 1 Low x CPFM Cactus Plant Flea Market White (DD7050-100) Men 5-14,$380.00 to $664.05,N/A
Spring Court Women's Croco Leather B2W Sneakers,$479.84,N/A
Spring Court Women's Cotton Rib B2W Sneakers,$307.12,N/A
DOLCE & GABBANA Shoes Sneakers Brown Leopard Pony Hair Leather EU41/US8 1300usd,$649.00,N/A
UNRELEASED! Adidas Yeezy ID2349 SLTMRN Brand New Rare Slides YZY DS Size 10 ðŸ”¥,$300.00,N/A
G2196 mocassino uomo TOD'S dark blue suede loafer shoe man,$416.15,N/A
Adidas Yeezy Boost 350 V2 Core Black Copper 2016 (BY1605) Men's Size 4-16,$474.05 to $569.05,N/A
Alexander Mcqueen Oversized Sneaker Womens Style : 553770whgp7,$488.52,N/A
DW Collector's 6.5x14 Black Nickel over Brass 8-Lug Snare w/Gold HW,$718.80,N/A
Nike Dunk SB Low x Supreme Stars Barkroot Brown (DH3228-103) Men's Size 7-12,"$902.50 to $1,140.00",N/A
INA (Schaeffler) GE120-XL-KRR-B Radial Insert Ball Bearing,$600.00,N/A
Nike SB Dunk Low Concepts Orange Lobster (Special Box) FD8776-800 Size - 8.5 NEW,$999.00,5 out of 5 stars
Alexander Ovechkin Autographed Red Adidas Authentic Jersey,$716.08,N/A
Adidas Yeezy Boost 350 V2 Bred (CP9652) Kanye West Men's Size 4-13,$375.25 to $403.75,5 out of 5 stars
adidas Yeezy 500 High Frosted Blue,$303.45,N/A
"RIGID Industries 360-Series 6"" LED Off-Road Fog Light Drive Beam w/Amber Backlig",$638.59,N/A
Occidental Leather 9850 ADJUST-TO-FIT FATLIP TOOL BAG SET,$375.90,N/A
adidas Y-3 Hicho Triple Black,$221.00 to $306.98,N/A
Solstice Watersports 10 Circular Mesh Dock [38100],$840.99,N/A
ABB Circuit Breaker A2N125TW,$380.06,N/A
Nike Jordan 1 Retro Low OG x Travis Scott Canary (DZ4137-700) Women's Size 5-13,$475.00 to $569.05,5 out of 5 stars
INA (Schaeffler) Pillow Block Ball Bearing RASE120-XL,"$1,550.00",N/A
Nike Air Jordan 1 Travis Scott Low OG SP Canary Yellow DZ4137-700 EU 46 US W13.5,$623.68,N/A
"Lenco 12"" x 12"" Edge Mount Trim Tab Kit w/o Switch Kit 12V [15016-101]",$739.99,N/A
Brand New Air Jordan 1 Retro High Turbo Green Men's Size 9.5 US 555088-311 W/B,$665.99,5 out of 5 stars
Pto Clutch For John Deere TCA24446 WARNER: 5218-338,$349.99,N/A
Occidental Leather 9515 ADJUST-TO-FIT OXYLIGHT FRAMER,$344.90,N/A
Adidas Yeezy id5114 Unreleased / Size 8.5 Menâ€™s / Brand New,$500.00,N/A
Garmin GT36-TM GT8HW-IH Transducer Bundle [010-02536-00],$572.99,N/A
Jordan 11 Retro Cool Grey (2021),$496.13,5 out of 5 stars
Jordan 1 Mid TD Black 2019 AR5604-001 Size 9.5,$396.99,N/A
"Faria Chesapeake Black w/Stainless Steel Bezel Boxed Set of 6 - Speed, Tach, Fue",$423.63,N/A
Golden Goose Super-star Classic With Spur Mens Style : Gmf00102.f002182.10803,$467.87,N/A
"TACO Flexible Vinyl Black Rub Rail 1-1/16"" x 1-7/8"" 50L [V11-2423BKA50-1]",$429.99,N/A
Nike Air Force 1 Mid Off-White White Clear White DO6290-100 Mens New,$300.00,N/A
"Air Jordan 11 Retro ""Neapolitan"" Womens Style : Ar0715",$328.00,N/A
Panther T5 Through Tilt Tube Electro Steer - Saltwater - No Electronics [550503N,$735.41,N/A
"Teufelberger KMIII 3/8"" Black Rope - 300 Feet",$437.16,N/A
Powerwinch RC30 Trailer Winch [P55950],$687.99,N/A
"Faria Chesapeake White w/Stainless Steel Bezel Boxed Set of 6 - Speed, Tach, Fue",$420.99,N/A
"Balmain Men's ""B-Runner"" Canvas & Leather Athletic Sneakers Shoes US 8 EUR 41",$382.49,N/A
Spring Court Women's Leather B2 Punch Fluo Sneakers,$502.24,N/A
"Balmain Men's ""B-Runner"" Canvas & Leather Athletic Sneakers Shoes US 11 EUR 44",$382.49,N/A
DOLCE & GABBANA Shoes Sneakers Socks Blue Red Sorrento Logo EU42 / US9 RRP $700,$399.00,N/A
"Versace Women's White & Pink ""Greca"" Leather Sneakers Shoes US 8 IT 38",$314.49,N/A
"Balmain Women's ""B COURT"" Leather Athletic Sneakers Shoes US 9 EUR 39",$382.49,N/A
"Balmain Men's ""B Runner"" Canvas & Leather Athletic Sneakers Shoes US 12 EUR 45",$382.49,N/A
"Balmain Men's ""B-Runner"" Canvas & Leather Athletic Sneakers Shoes US 9 EUR 42",$382.49,N/A
Nike Jordan 6 Retro x Travis Scott OIive Green (CN1084-200) Men Size 11,$427.50,5 out of 5 stars
"Versace Women's White & Pink ""Greca"" Leather Sneakers Shoes US 11 IT 41",$382.49,N/A
"Balmain Men's ""B Runner"" Canvas & Leather Athletic Sneakers Shoes US 10 EUR 43",$382.49,N/A
UNRELEASED! Adidas Yeezy ID2349 SLTMRN Brand New Rare Slides YZY DS Size 12 ðŸ”¥,$300.00,N/A
Golden Goose Sky Star Mens Style : Gmf00230.f004089.10961.fs,$516.78,N/A
Nike Dunk SB Low x Supreme Stars Black 2021 (DH3228-102) Men's Size 6-13,$950.00,N/A
em-trak B921 Class B AIS Transceiver - 2W CSTDMA [430-0001],$676.99,N/A
General Electric Heavy Duty Safety Switch TH3224,$639.08,N/A
Garmin GT51M-TH SS TH DownV/SideV 500W (CHIRP 260/455 kHz) Traditional 600W (Mid,$979.99,N/A
"Air Jordan 4 Retro ""Bred Reimagined"" Mens Style : Fv5029",$441.00,N/A
MODEM 4G/LTE RS485 WORLDWIDE WITHOUT SIM 3370100214 - Free Shipping + Geniuine,$638.25,N/A
"RIGID Industries RDS SR-Series Pro 20"" Spot - White [87231]",$693.83,N/A
Lopolight Series 200-016 - Navigation Light - 2NM - Vertical Mount - Red - Silve,$392.99,N/A
RIGID Industries SR-Q Series PRO Spot Diffused LED - Flush Mount - Pair - Black,$349.99,N/A
Maretron Ultrasonic Wind Weather Antenna [WSO200-01],$650.99,N/A
Jordan 4 Retro Lightning (2021),$421.00,5 out of 5 stars
"Shurflo by Pentair PRO BLASTER II Washdown Pump Ultimate - 12 VDC, 5.0 GPM [4258",$403.95,N/A
Maretron J2K100 NMEA 2000 / J1939 Bridge [J2K100-01],$391.99,N/A
Humminbird Open Water Adapter Kit - MEGA Live [700068-1],$335.99,N/A
Xantrex TRUECharge2 20A Battery Charger - 24V [804-2420],$555.99,N/A
"Faria Chesapeake White SS 2"" Dual Depth Temp Sounder w/Transom Mount Transducer",$314.15,N/A
SERVICE I/O BOARD LINCOLN W/ POWERSTEPX2 CK4608303 - Free Shipping + Geniuine,$344.67,N/A
Garmin GRID 20 - Vertical [010-02011-00],$305.99,N/A
"Navionics Platinum+ NPSA004L - Mexico, Caribbean to Brazil [010-C1364-40]",$317.99,N/A
Fireboy-Xintex Engine Shutdown System w/Round Display [ES-3000-01],$422.44,N/A
"Lenco 9"" x 12"" Standard Trim Tab Kit w/Double Rocker Switch [15101-104]",$768.99,N/A
TROLLMaster PRO Angler Wireless Remote System [TMPROANGLER],$416.95,N/A
em-trak B951 Class B AIS Transceiver - 5W SOTDMA [430-0009],$813.99,N/A
RIGID Industries XL Radiance + Light Pod - RGBW - Pair [322053],$449.99,N/A
Blue Sea A-Series ELCI Main Circuit Breaker - Double Pole 120V AC 30A [3106100],$401.99,N/A
"TACO Flex Vinyl Rub Rail Kit - Black w/Black Insert - 50' - 1-7/8"" x 1-1/16"" [V1",$586.99,N/A
"Lenco 12""x12"" Standard Trim Tab Kit w/Standard Integrated Switch 12V [15105-102]",$915.99,N/A
adidas Yeezy Boost 350 V2 Fade,$430.00,N/A
Garmin GPS 24xd GPS Antenna w/ Heading Sensor - NMEA 2000 [010-02316-10],$332.99,N/A
Blue Sea 3120 - SMS Panel Enclosure w/ELCI Main (50A) and 2 Blanks - 240V [3120],$797.99,N/A
adidas Yeezy Boost 350 V2 Mono Cinder,$414.00,N/A
Fortress FX-23 Anchor - 15LB [FX-23],$538.99,N/A
Garmin BlueChart g3 Vision HD - VUS026R - Wrangell/Juneau/Sitka - microSD/SD [01,$368.99,N/A
"RIGID Industries SR-L Series Marine 20"" White LED Lightbar - White Light w/White",$631.29,N/A
"TACO Flex Vinyl Rub Rail Kit - Black w/Black Insert - 70' - 1-7/8"" x 1-1/16"" [V1",$698.99,N/A
"Lenco 9"" x 12"" Standard Trim Tab Kit without Switch Kit 12V [15001-101]",$666.99,N/A
Jordan 4 Retro Mens Style : Dh6927-140,$415.00,5 out of 5 stars
adidas Yeezy Boost 350 V2 Ash Pearl,$386.00,N/A
Xantrex Freedom XC 1000 True Sine Wave Inverter/Charger - 12VDC - 120VAC - 1000W,$838.95,N/A
Maretron FPM100 Fluid Pressure Monitor [FPM100-01],$468.99,N/A
em-trak B922 Class B AIS Transceiver w/WiFi Bluetooth Wireless Connectivity - 2W,$992.99,N/A
GOST Mini Ball Wide Angle Camera - 1080p [GOST-MINI-BALL-1080P-W],$615.99,N/A
Lenco Replacement Control Box f/123SC-V2 [30340-001],$361.99,N/A
"RIGID Industries 360-Series 6"" LED Off-Road Fog Light Spot Beam w/Amber Backligh",$638.59,N/A
Siren Marine Siren 3 Pro Vessel Management Device [SM-S3P-917],$704.99,N/A
Garmin GPS 24xd HVS GPS Antenna w/Heading Sensor - NMEA 0183 [010-02316-00],$332.99,N/A
TACO ShadeFin Mini w/Black Fabric - Bag Round Rail Mount Kit [T10-4000-17],$684.99,N/A
"Lenco 12"" x 12"" Standard Trim Tab Kit w/Double Rocker Switch Kit [15103-104]",$784.99,N/A
"T-H Marine ATLAS Hydraulic Gauge Kit f/6"", 10"", 12"" 14"" ATLAS Jack Plates - Stai",$358.99,N/A
"Majestic 22"" 12V Smart LED TV WebOS, Mirror Cast Bluetooth - North America Only",$532.99,N/A
"RIGID Industries SR-L Series Marine 20"" White LED Lightbar - White Light w/Red H",$460.19,N/A
Panther T4 Through Tilt Tube Electro Steer - Saltwater [550103],$707.99,N/A
Garmin BlueChart g3 Vision HD - VUS024R - Wrangell - Dixon Entrance - microSD/SD,$368.99,N/A
"Lenco 9"" x 12"" Standard Trim Tab Kit w/Standard Integrated Switch Kit 12V [15104",$897.99,N/A
"Lenco 12"" x 12"" Standard Trim Tab Kit without Switch Kit 12V [15007-101]",$683.99,N/A
Faria Chesapeake White SS Boxed Set - Inboard Motors [KTF001],$313.99,N/A
"TACO Flex Vinyl Rub Rail Kit - Black w/Black Insert - 70' - 1-1/4"" x 15/16"" [V11",$539.99,N/A
Shurflo by Pentair PRO BAITMASTER II Livewell Pump - 12 VDC - 4.0 GPM [4648-153-,$404.99,N/A
Digital Antenna 529-VW-S 8 VHF Antenna - White [529-VW-S],$404.99,N/A
Garmin BlueChart g3 Vision HD - VUS035R - North Slope Alaska - microSD/SD [010-C,$368.99,N/A
PTM Edge Pontoon Mirror/Bracket Kit w/VR-100 Pro PCX-200 (Silver) [P13157-200TEB,$310.99,N/A
Blue Sea 1850 M2 Vessel Systems Monitor [1850],$396.99,N/A
Blue Sea 3119 SMS Surface Mount System Panel Enclosure - 120/240V AC / 50A ELCI,$894.87,N/A
Garmin BlueChart g3 Vision HD - VUS010R - Southeast Florida - microSD/SD [010-C0,$368.99,N/A
"Blue Sea 9011 Switch, AV 120VAC 65A OFF +2 Positions [9011]",$360.95,N/A
Megaware KeelGuard - 12 - White [20112],$320.99,N/A
Digital Antenna 529-VB-S 8 VHF Antenna - Black [529-VB-S],$437.99,N/A
Lectrotab XKA Stainless Steel Trim Tab - 12 x 9 [XKA12X9],$766.36,N/A
Lectrotab XKA Stainless Steel Trim Tab - 12 x 9 [XKA12X9],$766.36,N/A
RIGID Industries D-SS Series PRO Flood LED Surface Mount - Pair - Black [262113],$389.99,N/A
Faria Chesapeake Black SS Boxed Set - Inboard Motors [KTF003],$303.99,N/A
Blue Sea 1228 120V AC 8 Position [1228],$434.99,N/A
Xantrex XM1000 Pro Series Inverter [806-1010],$518.99,N/A
PTM Edge Mirror/Bracket Kit w/VR-140 PRO Mirror CFR-200 (Black) [P12848-250],$310.99,N/A
"Polk Ultramarine 7.7"" Speakers - Black [UMS77BR]",$428.39,N/A
Garmin BlueChart g3 Vision HD - VUS030R - Southeast Caribbean - microSD/SD [010-,$368.99,N/A
Garmin BlueChart g3 Vision HD - VUS034R - Aleutian Islands - microSD/SD [010-C07,$368.99,N/A
Garmin BlueChart g3 Vision HD - VCA501L - Vancouver Island - Dixon Entrance - mi,$470.99,N/A
PTM Edge UCX-17 PRO Pontoon Mirror/Bracket Kit - Black [P13157-170TEBBK],$310.99,N/A
Garmin BlueChart g3 Vision HD - VUS029R - Southern Bahamas - microSD/SD [010-C07,$368.99,N/A
Garmin BlueChart g3 Vision HD - VUS031R - Southwest Caribbean - microSD/SD [010-,$368.99,N/A
Garmin B60 600W Tilted Element 12 Degree - 8-Pin [010-10982-21],$343.99,N/A
Maretron GPS200 NMEA 2000 GPS Receiver [GPS200-01],$332.99,N/A
Maretron ACM100 Alternating Current Monitor [ACM100-01],$451.99,N/A
"Schmitt Marine Torcello Elite 14"" Wheel - Beige Leather Cap - White Stitching -",$487.99,N/A
adidas Yeezy Boost 350 V2 Mono Clay,$327.65,N/A
Garmin BlueChart g3 Vision HD - VUS511L - Boston - Norfolk - microSD/SD [010-C07,$470.99,N/A
"Balmain Men's ""B-Runner"" Canvas & Leather Athletic Sneakers Shoes US 10 EUR 43",$382.49,N/A
TACO ShadeFin Mini w/White Fabric - Bag Round Rail Mount Kit [T10-4000-16],$684.99,N/A
DOLCE & GABBANA Shoes Sneakers Socks Blue Red Sorrento Logo EU40 / US7 RRP $700,$399.00,N/A
"Balmain Women's ""B COURT"" Leather Athletic Sneakers Shoes US 6 EUR 36",$382.49,N/A
"Balmain Men's ""B-Runner"" Canvas & Leather Athletic Sneakers Shoes US 10 EUR 43",$382.49,N/A
"Balmain Men's ""B-Runner"" Canvas & Leather Athletic Sneakers Shoes US 11 EUR 44",$382.49,N/A
Alexander McQueen Oversized Worker Blue (W),$488.52,N/A
Hydro Glow LED Underwater Dock Light - 200W - 50 Cord - Green [SF200G],$520.99,N/A
Blue Sea 8101 ELCI GFCI Panel AC 5 Position [8101],$578.99,N/A
Siren Marine SirenSat Offshore Satellite Antenna w/2M Power Cable [SM-SAT-OFFS],$306.99,N/A
BEP Dual Operation VSS Switch HD Optic - 12/24V - 500A [720-MDVSO],$358.99,N/A
Fireboy-Xintex Gasoline Fume Detector w/Blower Control - Black Bezel - 12V [G-1B,$362.95,N/A
PTM Edge Pontoon Mirror/Bracket Kit w/VR-100 Pro PCX-200 (Titanium Grey) [P13157,$310.99,N/A
"JENSEN 24"" Smart DC Television [JTV2423DCS]",$465.95,N/A
"Majestic UFO XL High Gain 15"" 34dB Marine TV Antenna [MJUFOXL]",$300.99,N/A
Blue Sea 8100 ELCI GFCI Panel [8100],$488.99,N/A
C.E. Smith PWC Dolly [27575],$475.99,N/A
"Schmitt Marine Torcello Elite 14"" Wheel - Black Leather Cap - White Stitching -",$513.99,N/A
Fireboy-Xintex Propane Fume Detector w/Plastic Sensor Solenoid Valve - Black Bez,$418.99,N/A
"T-H Marine ATLAS Hydraulic Gauge Kit f/4"" 8"" ATLAS Jack Plates - Stainless Steel",$358.99,N/A
Fireboy-Xintex Gasoline Fume Detector - Chrome Bezel - 12/24V [G-1C-R],$343.99,N/A
Digital Antenna 531-AB 4 AM/FM Antenna - Black [531-AB],$311.99,N/A
Blue Sea 1202 120V AC Main + 6 Positions - Vertical [1202],$455.99,N/A
"Balmain Men's ""B-Runner"" Canvas & Leather Athletic Sneakers Shoes US 9 EUR 42",$382.49,N/A
"Balmain Men's ""B-Runner"" Canvas & Leather Athletic Sneakers Shoes US 8 EUR 41",$382.49,N/A
"Balmain Men's ""B-Runner"" Canvas & Leather Athletic Sneakers Shoes US 7 EUR 40",$382.49,N/A
Alexander McQueen Oversized Multicolor (W),$488.52,N/A
RIGID Industries D-SS Series PRO Flood LED Surface Mount - Pair - Black [262113],$389.99,N/A
Faria Chesapeake Black SS Boxed Set - Inboard Motors [KTF003],$303.99,N/A
"Voyager WiSight 2.0 - 7"" Monitor w/Camera f/Prewire Systems - Wireless [WVSXP70]",$509.99,N/A
Blue Sea 1228 120V AC 8 Position [1228],$434.99,N/A
Xantrex XM1000 Pro Series Inverter [806-1010],$518.99,N/A
PTM Edge Mirror/Bracket Kit w/VR-140 PRO Mirror CFR-200 (Black) [P12848-250],$310.99,N/A
"Polk Ultramarine 7.7"" Speakers - Black [UMS77BR]",$428.39,N/A
Garmin BlueChart g3 Vision HD - VUS030R - Southeast Caribbean - microSD/SD [010-,$368.99,N/A
Garmin BlueChart g3 Vision HD - VUS034R - Aleutian Islands - microSD/SD [010-C07,$368.99,N/A
Garmin BlueChart g3 Vision HD - VCA501L - Vancouver Island - Dixon Entrance - mi,$470.99,N/A
PTM Edge UCX-17 PRO Pontoon Mirror/Bracket Kit - Black [P13157-170TEBBK],$310.99,N/A
Garmin BlueChart g3 Vision HD - VUS029R - Southern Bahamas - microSD/SD [010-C07,$368.99,N/A
Garmin BlueChart g3 Vision HD - VUS031R - Southwest Caribbean - microSD/SD [010-,$368.99,N/A
Garmin B60 600W Tilted Element 12 Degree - 8-Pin [010-10982-21],$343.99,N/A
Maretron GPS200 NMEA 2000 GPS Receiver [GPS200-01],$332.99,N/A
Maretron ACM100 Alternating Current Monitor [ACM100-01],$451.99,N/A
"Schmitt Marine Torcello Elite 14"" Wheel - Beige Leather Cap - White Stitching -",$487.99,N/A
adidas Yeezy Boost 350 V2 Mono Clay,$327.65,N/A
Garmin BlueChart g3 Vision HD - VUS511L - Boston - Norfolk - microSD/SD [010-C07,$470.99,N/A
"Balmain Men's ""B-Runner"" Canvas & Leather Athletic Sneakers Shoes US 10 EUR 43",$382.49,N/A
TACO ShadeFin Mini w/White Fabric - Bag Round Rail Mount Kit [T10-4000-16],$684.99,N/A
DOLCE & GABBANA Shoes Sneakers Socks Blue Red Sorrento Logo EU40 / US7 RRP $700,$399.00,N/A
"Balmain Women's ""B COURT"" Leather Athletic Sneakers Shoes US 6 EUR 36",$382.49,N/A
"Balmain Men's ""B-Runner"" Canvas & Leather Athletic Sneakers Shoes US 10 EUR 43",$382.49,N/A
"Balmain Men's ""B-Runner"" Canvas & Leather Athletic Sneakers Shoes US 11 EUR 44",$382.49,N/A
Alexander McQueen Oversized Worker Blue (W),$488.52,N/A
Hydro Glow LED Underwater Dock Light - 200W - 50 Cord - Green [SF200G],$520.99,N/A
Blue Sea 8101 ELCI GFCI Panel AC 5 Position [8101],$578.99,N/A
Siren Marine SirenSat Offshore Satellite Antenna w/2M Power Cable [SM-SAT-OFFS],$306.99,N/A
BEP Dual Operation VSS Switch HD Optic - 12/24V - 500A [720-MDVSO],$358.99,N/A
Fireboy-Xintex Gasoline Fume Detector w/Blower Control - Black Bezel - 12V [G-1B,$362.95,N/A
PTM Edge Pontoon Mirror/Bracket Kit w/VR-100 Pro PCX-200 (Titanium Grey) [P13157,$310.99,N/A
"JENSEN 24"" Smart DC Television [JTV2423DCS]",$465.95,N/A
"Majestic UFO XL High Gain 15"" 34dB Marine TV Antenna [MJUFOXL]",$300.99,N/A
Blue Sea 8100 ELCI GFCI Panel [8100],$488.99,N/A
C.E. Smith PWC Dolly [27575],$475.99,N/A
"Schmitt Marine Torcello Elite 14"" Wheel - Black Leather Cap - White Stitching -",$513.99,N/A
Fireboy-Xintex Propane Fume Detector w/Plastic Sensor Solenoid Valve - Black Bez,$418.99,N/A
"T-H Marine ATLAS Hydraulic Gauge Kit f/4"" 8"" ATLAS Jack Plates - Stainless Steel",$358.99,N/A
Fireboy-Xintex Gasoline Fume Detector - Chrome Bezel - 12/24V [G-1C-R],$343.99,N/A
Digital Antenna 531-AB 4 AM/FM Antenna - Black [531-AB],$311.99,N/A
Blue Sea 1202 120V AC Main + 6 Positions - Vertical [1202],$455.99,N/A
"Balmain Men's ""B-Runner"" Canvas & Leather Athletic Sneakers Shoes US 9 EUR 42",$382.49,N/A
"Balmain Men's ""B-Runner"" Canvas & Leather Athletic Sneakers Shoes US 8 EUR 41",$382.49,N/A
"Balmain Men's ""B-Runner"" Canvas & Leather Athletic Sneakers Shoes US 7 EUR 40",$382.49,N/A
Alexander McQueen Oversized Multicolor (W),$488.52,N/A
